{"cameraMode":{"drawMode":0,"name":"Shaded","section":"Shading Mode"},"sceneLighting":false,"audioPlay":false,"sceneViewState":{"showFog":true,"showMaterialUpdate":false,"showSkybox":false,"showFlares":true,"showImageEffects":true,"showParticleSystems":true},"in2DMode":false,"pivot":{"x":-0.10598182678222656,"y":2.20367431640625,"z":-21.809999465942384},"rotation":{"x":0.03480171784758568,"y":0.007490755524486303,"z":-0.0002609748626127839,"w":0.999366819858551},"size":-5.661813259124756,"orthographic":false}