{"cameraMode":{"drawMode":0,"name":"Shaded","section":"Shading Mode"},"sceneLighting":true,"audioPlay":false,"sceneViewState":{"showFog":true,"showMaterialUpdate":false,"showSkybox":false,"showFlares":true,"showImageEffects":true,"showParticleSystems":true},"in2DMode":false,"pivot":{"x":-6.370218276977539,"y":4.4336957931518559,"z":61.84474563598633},"rotation":{"x":-0.013184558600187302,"y":-0.02849864400923252,"z":-0.00037614480243064463,"w":0.9995083808898926},"size":47.186580657958987,"orthographic":false}