{"cameraMode":{"drawMode":0,"name":"Shaded","section":"Shading Mode"},"sceneLighting":false,"audioPlay":false,"sceneViewState":{"showFog":true,"showMaterialUpdate":false,"showSkybox":false,"showFlares":true,"showImageEffects":true,"showParticleSystems":true},"in2DMode":false,"pivot":{"x":-0.6599997282028198,"y":1.6999998092651368,"z":-22.709999084472658},"rotation":{"x":0.20546086132526399,"y":0.5686478018760681,"z":-0.14933174848556519,"w":0.7823852300643921},"size":0.8660284876823425,"orthographic":false}